3,1,2,4,4,2,1,3,3,3,3,4,3,4,4,4,4,2.666666667,3,3.5,4,16,9,7,16
2,1,2,4,4,4,3,1,4,4,4,4,4,4,4,4,4,3,4,4,4,18,12,8,16
3,2,4,4,3,3,3,4,4,2,2,3,4,4,4,4,2,3.5,2.666666667,3.5,3.5,21,8,7,14
3,2,4,4,4,3,3,4,3,2,3,4,2,1,4,4,1,3.666666667,2.666666667,3,2.5,22,8,6,10
3,2,2,3,3,3,3,3,3,3,3,3,4,3,3,4,1,2.833333333,3,3.5,2.75,17,9,7,11
2,1,3,4,3,3,3,2,4,4,4,4,4,2,3,4,2,3,4,4,2.75,18,12,8,11
3,3,1,4,4,3,3,4,1,3,4,4,4,1,4,3,1,3.166666667,2.666666667,4,2.25,19,8,8,9
5,4,4,2,3,2,2,4,4,4,3,4,3,1,4,2,4,2.833333333,3.666666667,3.5,2.75,17,11,7,11
4,3,4,3,2,2,2,4,3,3,2,2,3,1,4,4,1,2.833333333,2.666666667,2.5,2.5,17,8,5,10
4,3,1,4,4,3,3,1,4,4,3,4,2,1,3,4,2,2.666666667,3.666666667,3,2.5,16,11,6,10
4,3,4,3,3,3,2,3,4,3,2,3,2,2,4,4,2,3,3,2.5,3,18,9,5,12
7,5,4,2,4,4,4,4,1,2,3,4,4,1,4,4,1,3.666666667,2,4,2.5,22,6,8,10
7,5,4,4,3,3,3,4,4,4,4,4,4,3,4,4,4,3.5,4,4,3.75,21,12,8,15
4,2,4,4,2,2,2,4,4,3,4,4,4,1,4,4,2,3,3.666666667,4,2.75,18,11,8,11
6,5,4,3,3,3,3,4,4,3,2,4,3,2,4,4,4,3.333333333,3,3.5,3.5,20,9,7,14
3,2,4,4,4,3,3,4,3,4,3,4,4,3,4,4,3,3.666666667,3.333333333,4,3.5,22,10,8,14
3,2,4,3,3,2,2,3,3,3,3,3,3,2,3,3,3,2.833333333,3,3,2.75,17,9,6,11
6,5,4,3,3,3,3,4,4,4,4,3,4,1,4,4,2,3.333333333,4,3.5,2.75,20,12,7,11
3,2,4,4,2,3,3,4,2,2,2,2,3,4,4,4,4,3.333333333,2,2.5,4,20,6,5,16
3,1,4,4,3,3,3,3,2,2,2,3,2,3,4,4,2,3.333333333,2,2.5,3.25,20,6,5,13
3,1,4,3,2,2,2,3,4,2,4,4,4,2,4,4,2,2.666666667,3.333333333,4,3,16,10,8,12
7,5,1,4,4,3,3,4,4,3,4,4,3,3,4,4,3,3.166666667,3.666666667,3.5,3.5,19,11,7,14
3,2,1,4,4,4,2,4,4,4,3,4,3,4,4,4,4,3.166666667,3.666666667,3.5,4,19,11,7,16
4,3,4,4,4,3,3,4,3,4,4,4,4,4,4,4,4,3.666666667,3.666666667,4,4,22,11,8,16
7,5,3,3,1,2,1,3,4,3,4,4,4,1,3,4,4,2.166666667,3.666666667,4,3,13,11,8,12
6,5,2,3,4,1,1,4,1,2,1,1,1,1,4,3,1,2.5,1.333333333,1,2.25,15,4,2,9
3,2,4,3,3,3,2,4,1,1,1,1,2,1,4,4,1,3.166666667,1,1.5,2.5,19,3,3,10
7,5,4,4,3,3,2,4,3,4,3,3,4,4,3,4,2,3.333333333,3.333333333,3.5,3.25,20,10,7,13
4,3,3,3,3,2,1,3,1,1,1,1,1,3,4,4,3,2.5,1,1,3.5,15,3,2,14
3,2,4,4,3,2,2,4,1,1,2,2,1,2,4,4,4,3.166666667,1.333333333,1.5,3.5,19,4,3,14
6,5,4,2,4,3,3,4,3,3,3,4,4,2,4,4,4,3.333333333,3,4,3.5,20,9,8,14
6,5,4,4,3,1,1,4,2,2,1,1,2,1,4,4,1,2.833333333,1.666666667,1.5,2.5,17,5,3,10
4,3,3,4,4,3,3,3,4,4,4,4,4,1,4,4,2,3.333333333,4,4,2.75,20,12,8,11
4,3,4,4,4,4,4,4,4,4,4,4,4,4,4,4,4,4,4,4,4,24,12,8,16
4,3,3,3,3,3,3,3,3,3,4,4,3,4,4,4,2,3,3.333333333,3.5,3.5,18,10,7,14
5,3,4,4,4,3,2,4,1,1,1,3,4,2,4,4,4,3.5,1,3.5,3.5,21,3,7,14
4,3,3,4,4,4,4,1,4,4,4,4,4,3,2,4,4,3.333333333,4,4,3.25,20,12,8,13
4,3,2,3,3,3,3,3,3,3,3,3,3,2,3,3,3,2.833333333,3,3,2.75,17,9,6,11
4,3,4,4,4,3,3,4,1,1,3,4,4,1,4,4,2,3.666666667,1.666666667,4,2.75,22,5,8,11
5,4,1,4,4,2,2,4,4,4,4,4,4,4,4,4,4,2.833333333,4,4,4,17,12,8,16
5,3,4,4,2,2,2,4,4,4,4,4,4,4,4,4,1,3,4,4,3.25,18,12,8,13
2,1,3,4,1,2,2,1,2,4,3,4,3,2,2,4,1,2.166666667,3,3.5,2.25,13,9,7,9
4,4,4,4,4,2,2,4,3,4,3,3,4,1,4,4,2,3.333333333,3.333333333,3.5,2.75,20,10,7,11
6,5,3,2,4,3,2,2,3,3,3,3,2,2,3,4,3,2.666666667,3,2.5,3,16,9,5,12
4,3,4,3,3,2,2,2,3,3,3,3,3,1,4,4,3,2.666666667,3,3,3,16,9,6,12
6,5,4,1,4,4,4,4,4,3,2,4,4,4,4,4,4,3.5,3,4,4,21,9,8,16
5,4,4,3,3,2,1,4,4,4,4,3,4,1,4,4,3,2.833333333,4,3.5,3,17,12,7,12
6,5,4,4,4,3,2,4,3,4,3,4,4,1,4,4,1,3.5,3.333333333,4,2.5,21,10,8,10
3,2,4,3,2,1,1,4,3,3,2,2,2,1,4,4,1,2.5,2.666666667,2,2.5,15,8,4,10
2,1,4,3,4,3,3,4,3,3,3,3,4,4,4,4,2,3.5,3,3.5,3.5,21,9,7,14
4,3,4,4,4,4,4,4,4,4,4,4,4,2,4,4,4,4,4,4,3.5,24,12,8,14
4,3,1,4,4,4,4,4,4,4,4,4,4,1,4,4,4,3.5,4,4,3.25,21,12,8,13
8,6,4,4,4,2,2,4,2,2,2,3,2,4,4,4,1,3.333333333,2,2.5,3.25,20,6,5,13
3,1,2,4,3,2,2,2,3,4,3,4,4,2,4,4,1,2.5,3.333333333,4,2.75,15,10,8,11
3,2,4,4,4,3,3,4,2,2,1,3,4,2,3,4,1,3.666666667,1.666666667,3.5,2.5,22,5,7,10
8,6,4,3,3,3,3,3,4,4,4,4,3,2,2,4,3,3.166666667,4,3.5,2.75,19,12,7,11
8,6,1,4,3,3,3,4,2,4,2,3,4,1,4,4,2,3,2.666666667,3.5,2.75,18,8,7,11
7,6,4,4,4,3,2,4,1,1,3,4,2,1,2,4,1,3.5,1.666666667,3,2,21,5,6,8
7,6,4,4,4,3,3,4,3,3,2,3,3,1,2,4,2,3.666666667,2.666666667,3,2.25,22,8,6,9
7,5,2,3,3,3,3,2,4,4,3,3,3,1,3,3,3,2.666666667,3.666666667,3,2.5,16,11,6,10
7,5,4,3,3,3,3,4,4,4,4,4,4,3,4,4,4,3.333333333,4,4,3.75,20,12,8,15
9,5,2,4,2,3,3,2,4,4,3,4,4,1,4,4,4,2.666666667,3.666666667,4,3.25,16,11,8,13
6,5,4,3,3,2,1,4,3,3,3,3,3,1,4,4,1,2.833333333,3,3,2.5,17,9,6,10
6,5,2,3,2,2,2,4,2,3,2,3,4,2,4,4,3,2.5,2.333333333,3.5,3.25,15,7,7,13
6,5,3,4,3,3,3,4,3,3,3,4,4,4,4,4,4,3.333333333,3,4,4,20,9,8,16
7,5,2,4,3,2,2,2,3,4,3,3,3,2,4,4,2,2.5,3.333333333,3,3,15,10,6,12
7,5,2,4,2,1,1,2,3,2,3,2,4,2,4,3,2,2,2.666666667,3,2.75,12,8,6,11
7,5,4,2,3,1,1,4,2,2,1,2,2,1,4,4,3,2.5,1.666666667,2,3,15,5,4,12
6,5,4,3,3,3,3,4,4,4,4,4,4,2,4,4,2,3.333333333,4,4,3,20,12,8,12
7,5,1,4,4,3,3,4,3,4,2,4,3,1,4,4,4,3.166666667,3,3.5,3.25,19,9,7,13
7,5,4,4,4,3,3,4,4,3,3,4,4,3,4,4,1,3.666666667,3.333333333,4,3,22,10,8,12
7,5,3,3,3,3,3,3,3,3,2,3,3,2,4,4,2,3,2.666666667,3,3,18,8,6,12
7,5,2,2,1,2,1,3,3,3,2,4,4,3,4,4,4,1.833333333,2.666666667,4,3.75,11,8,8,15
2,1,4,1,4,4,4,3,4,4,4,4,4,4,4,4,4,3.333333333,4,4,4,20,12,8,16
7,5,4,4,4,4,4,4,2,2,3,4,4,3,4,4,2,4,2.333333333,4,3.25,24,7,8,13
2,1,1,4,3,2,2,4,4,4,4,4,4,4,4,4,3,2.666666667,4,4,3.75,16,12,8,15
2,1,1,4,4,4,4,4,1,1,4,4,4,1,2,3,1,3.5,2,4,1.75,21,6,8,7
2,1,4,3,2,3,3,1,4,4,4,4,4,4,4,4,4,2.666666667,4,4,4,16,12,8,16
6,5,4,4,4,3,2,4,2,2,2,4,4,1,3,4,2,3.5,2,4,2.5,21,6,8,10
2,1,1,4,4,3,2,1,3,3,3,3,4,3,4,4,4,2.5,3,3.5,3.75,15,9,7,15
2,1,3,3,3,3,2,3,3,3,3,3,3,3,3,3,3,2.833333333,3,3,3,17,9,6,12
2,1,1,4,3,2,4,4,4,4,3,4,3,4,4,4,4,3,3.666666667,3.5,4,18,11,7,16
2,1,4,4,4,3,3,4,3,4,3,4,4,2,4,4,4,3.666666667,3.333333333,4,3.5,22,10,8,14
3,1,1,4,4,4,4,1,4,4,3,4,4,2,4,4,3,3,3.666666667,4,3.25,18,11,8,13
2,1,3,3,3,4,4,3,3,3,2,3,3,2,4,4,3,3.333333333,2.666666667,3,3.25,20,8,6,13
2,1,4,4,3,3,3,3,3,3,2,3,3,4,3,3,3,3.333333333,2.666666667,3,3.25,20,8,6,13
2,1,4,4,4,4,3,4,4,4,4,4,4,1,4,4,1,3.833333333,4,4,2.5,23,12,8,10
2,1,4,3,4,2,2,4,3,2,3,3,3,1,3,4,3,3.166666667,2.666666667,3,2.75,19,8,6,11
2,1,3,3,3,3,3,2,3,3,3,3,3,3,3,3,3,2.833333333,3,3,3,17,9,6,12
2,1,3,4,3,2,2,2,3,4,3,4,3,4,4,4,2,2.666666667,3.333333333,3.5,3.5,16,10,7,14
3,1,1,3,3,1,1,3,4,4,4,4,3,4,4,4,3,2,4,3.5,3.75,12,12,7,15
2,1,3,3,3,3,3,2,4,4,3,4,4,3,2,4,3,2.833333333,3.666666667,4,3,17,11,8,12
2,1,1,1,1,1,1,1,2,3,4,3,3,4,4,4,4,1,3,3,4,6,9,6,16
2,1,4,3,1,2,1,3,1,2,2,2,3,2,1,4,2,2.333333333,1.666666667,2.5,2.25,14,5,5,9
2,1,3,4,3,3,2,4,2,3,2,3,3,1,3,4,1,3.166666667,2.333333333,3,2.25,19,7,6,9
2,1,4,4,4,4,4,4,4,4,4,4,4,3,3,4,4,4,4,4,3.5,24,12,8,14
2,1,4,3,4,4,4,3,4,3,3,4,3,2,4,4,2,3.666666667,3.333333333,3.5,3,22,10,7,12
3,2,4,4,4,3,3,4,2,2,2,3,4,4,4,4,3,3.666666667,2,3.5,3.75,22,6,7,15
2,1,4,4,4,3,3,4,3,3,3,4,4,3,4,4,3,3.666666667,3,4,3.5,22,9,8,14
3,2,3,3,3,3,3,3,2,3,2,3,3,2,3,3,3,3,2.333333333,3,2.75,18,7,6,11
6,5,4,4,3,3,2,4,3,4,4,4,4,1,4,4,2,3.333333333,3.666666667,4,2.75,20,11,8,11
2,1,4,4,3,2,2,4,2,1,1,1,2,1,4,4,2,3.166666667,1.333333333,1.5,2.75,19,4,3,11
2,1,1,1,3,1,1,1,3,4,1,3,2,4,2,4,4,1.333333333,2.666666667,2.5,3.5,8,8,5,14
2,1,4,4,2,3,3,4,4,4,4,4,4,2,4,4,3,3.333333333,4,4,3.25,20,12,8,13
8,5,4,4,3,3,2,4,3,3,3,4,4,2,3,4,3,3.333333333,3,4,3,20,9,8,12
1,1,4,4,3,3,3,4,1,1,3,4,4,3,3,3,3,3.5,1.666666667,4,3,21,5,8,12
2,1,4,3,4,3,3,4,3,3,3,3,2,3,2,3,3,3.5,3,2.5,2.75,21,9,5,11
3,1,3,3,3,4,4,4,4,3,4,3,2,3,1,1,4,3.5,3.666666667,2.5,2.25,21,11,5,9
3,1,4,4,4,2,2,4,2,3,3,1,2,2,4,4,4,3.333333333,2.666666667,1.5,3.5,20,8,3,14
2,1,4,4,2,2,2,4,3,4,3,4,4,1,4,4,4,3,3.333333333,4,3.25,18,10,8,13
4,3,1,1,2,2,2,1,4,4,3,4,4,1,4,4,4,1.5,3.666666667,4,3.25,9,11,8,13
4,3,1,1,2,1,2,3,3,2,3,2,2,1,4,4,2,1.666666667,2.666666667,2,2.75,10,8,4,11
5,4,4,4,2,1,1,4,4,4,4,4,4,3,4,4,1,2.666666667,4,4,3,16,12,8,12
5,3,3,2,3,3,3,2,3,3,3,3,3,3,3,3,2,2.666666667,3,3,2.75,16,9,6,11
3,1,4,4,4,4,4,4,4,4,3,4,3,3,4,4,4,4,3.666666667,3.5,3.75,24,11,7,15
4,3,4,4,4,4,4,4,4,2,2,4,4,4,4,4,4,4,2.666666667,4,4,24,8,8,16
5,3,1,4,1,1,1,1,4,4,4,4,4,2,3,4,3,1.5,4,4,3,9,12,8,12
3,1,3,3,3,3,3,3,3,3,3,3,3,2,3,3,3,3,3,3,2.75,18,9,6,11
7,5,4,3,3,3,2,4,4,4,4,3,3,3,4,4,3,3.166666667,4,3,3.5,19,12,6,14
5,3,1,4,3,3,2,4,3,4,3,3,3,3,3,3,3,2.833333333,3.333333333,3,3,17,10,6,12
5,3,4,4,2,1,1,4,2,3,2,3,3,2,4,3,1,2.666666667,2.333333333,3,2.5,16,7,6,10
5,3,4,1,3,3,2,4,2,4,4,4,4,1,4,4,1,2.833333333,3.333333333,4,2.5,17,10,8,10
4,3,4,2,4,4,3,4,2,3,3,4,4,3,4,4,4,3.5,2.666666667,4,3.75,21,8,8,15
6,4,3,4,4,2,2,4,3,3,3,3,4,1,4,4,2,3.166666667,3,3.5,2.75,19,9,7,11
8,6,3,3,4,3,1,4,4,4,3,4,3,1,3,4,3,3,3.666666667,3.5,2.75,18,11,7,11
5,3,1,3,3,3,2,2,2,2,3,3,2,4,4,4,2,2.333333333,2.333333333,2.5,3.5,14,7,5,14
6,5,1,4,4,4,4,4,4,4,4,4,4,2,4,4,4,3.5,4,4,3.5,21,12,8,14
4,3,1,4,4,4,4,4,3,3,4,4,2,4,4,4,2,3.5,3.333333333,3,3.5,21,10,6,14
4,3,3,4,3,3,3,4,3,3,3,4,2,2,4,4,3,3.333333333,3,3,3.25,20,9,6,13
4,3,4,3,2,1,1,4,2,3,2,4,4,1,4,4,3,2.5,2.333333333,4,3,15,7,8,12
4,3,3,4,4,3,4,4,3,3,2,4,2,2,4,4,2,3.666666667,2.666666667,3,3,22,8,6,12
6,3,4,4,3,3,2,4,1,1,1,1,3,3,4,4,1,3.333333333,1,2,3,20,3,4,12
5,3,2,2,2,2,2,2,2,2,2,2,2,2,3,3,3,2,2,2,2.75,12,6,4,11
4,3,4,3,4,4,3,4,2,2,2,3,3,1,3,4,3,3.666666667,2,3,2.75,22,6,6,11
6,4,1,4,2,1,1,3,3,3,2,3,3,1,4,4,2,2,2.666666667,3,2.75,12,8,6,11
4,3,4,4,3,2,1,4,3,2,3,3,4,1,4,4,3,3,2.666666667,3.5,3,18,8,7,12
2,1,1,3,3,2,2,2,4,4,4,3,4,3,4,3,4,2.166666667,4,3.5,3.5,13,12,7,14
4,3,4,4,3,2,2,4,2,3,2,4,3,3,4,4,3,3.166666667,2.333333333,3.5,3.5,19,7,7,14
3,1,4,3,4,4,4,4,1,1,1,3,4,4,4,4,3,3.833333333,1,3.5,3.75,23,3,7,15
4,3,4,4,4,3,3,4,4,4,4,4,3,4,4,4,3,3.666666667,4,3.5,3.75,22,12,7,15
5,3,4,3,4,3,2,4,2,2,4,4,4,1,4,4,4,3.333333333,2.666666667,4,3.25,20,8,8,13
6,5,4,3,3,4,3,3,4,4,4,4,3,1,4,4,2,3.333333333,4,3.5,2.75,20,12,7,11
4,3,4,4,4,3,3,4,4,4,4,4,4,3,4,4,4,3.666666667,4,4,3.75,22,12,8,15
4,3,1,4,4,3,3,4,4,4,4,4,4,3,4,4,4,3.166666667,4,4,3.75,19,12,8,15
5,3,4,4,4,3,3,1,4,4,4,3,4,1,4,4,4,3.166666667,4,3.5,3.25,19,12,7,13
5,3,4,4,4,3,2,4,2,1,2,3,3,2,4,4,2,3.5,1.666666667,3,3,21,5,6,12
2,1,3,3,3,2,2,3,3,3,3,3,3,3,3,3,2,2.666666667,3,3,2.75,16,9,6,11
5,4,4,4,4,1,1,1,3,4,1,4,4,4,4,4,4,2.5,2.666666667,4,4,15,8,8,16
6,4,1,1,1,1,1,1,4,4,4,1,4,4,4,4,1,1,4,2.5,3.25,6,12,5,13
4,3,4,4,4,4,3,4,4,4,3,4,4,1,4,4,3,3.833333333,3.666666667,4,3,23,11,8,12
4,3,1,4,3,2,2,4,3,4,3,3,4,1,4,4,1,2.666666667,3.333333333,3.5,2.5,16,10,7,10
5,3,4,3,3,3,2,4,1,2,1,3,4,1,3,4,3,3.166666667,1.333333333,3.5,2.75,19,4,7,11
2,1,1,4,4,4,4,4,4,4,4,4,4,4,4,4,4,3.5,4,4,4,21,12,8,16
5,4,4,2,4,3,2,2,1,4,3,4,4,2,4,4,1,2.833333333,2.666666667,4,2.75,17,8,8,11
7,5,3,4,3,3,3,4,2,2,2,4,2,4,4,4,3,3.333333333,2,3,3.75,20,6,6,15
8,6,4,3,3,2,2,4,2,3,2,3,3,1,4,4,2,3,2.333333333,3,2.75,18,7,6,11
8,6,4,3,2,1,1,4,1,2,2,2,2,1,2,4,1,2.5,1.666666667,2,2,15,5,4,8
5,4,4,4,4,4,4,4,3,3,3,4,4,1,4,4,4,4,3,4,3.25,24,9,8,13
4,3,4,4,3,3,3,4,3,4,3,4,4,4,4,4,2,3.5,3.333333333,4,3.5,21,10,8,14
4,3,4,2,3,3,3,4,2,2,2,3,3,2,4,4,2,3.166666667,2,3,3,19,6,6,12
5,3,3,3,1,1,1,2,3,3,2,3,3,1,4,4,1,1.833333333,2.666666667,3,2.5,11,8,6,10
4,3,4,3,3,2,2,4,2,2,2,2,2,1,4,4,2,3,2,2,2.75,18,6,4,11
7,4,4,3,3,3,2,4,4,4,3,3,3,3,4,4,4,3.166666667,3.666666667,3,3.75,19,11,6,15
3,1,4,4,3,3,3,3,3,3,3,4,4,3,4,4,3,3.333333333,3,4,3.5,20,9,8,14
5,4,4,3,3,3,3,4,3,3,3,3,4,2,4,4,2,3.333333333,3,3.5,3,20,9,7,12
4,3,4,4,2,2,2,4,3,3,2,3,3,2,4,4,2,3,2.666666667,3,3,18,8,6,12
8,6,4,3,3,4,3,4,3,3,3,4,4,1,4,4,1,3.5,3,4,2.5,21,9,8,10
8,6,1,4,2,2,1,3,3,3,4,2,3,3,4,4,4,2.166666667,3.333333333,2.5,3.75,13,10,5,15
5,3,4,3,2,3,3,4,3,3,3,4,4,2,4,4,2,3.166666667,3,4,3,19,9,8,12
7,4,4,4,4,3,1,4,4,4,4,4,4,3,4,4,3,3.333333333,4,4,3.5,20,12,8,14
7,6,4,1,4,3,3,4,3,3,2,4,2,2,4,4,1,3.166666667,2.666666667,3,2.75,19,8,6,11
7,5,1,3,3,3,1,4,3,4,3,4,4,1,3,4,1,2.5,3.333333333,4,2.25,15,10,8,9
6,5,4,3,4,4,4,4,4,4,4,4,4,2,4,4,3,3.833333333,4,4,3.25,23,12,8,13
7,6,4,4,3,3,3,4,4,4,4,4,3,2,4,4,4,3.5,4,3.5,3.5,21,12,7,14
7,6,4,4,4,3,3,4,4,4,4,4,3,1,4,4,2,3.666666667,4,3.5,2.75,22,12,7,11
5,3,3,2,3,3,3,3,4,3,3,3,4,3,4,4,2,2.833333333,3.333333333,3.5,3.25,17,10,7,13
5,4,4,3,4,3,3,4,3,3,3,3,3,1,4,4,2,3.5,3,3,2.75,21,9,6,11
5,3,2,3,3,2,2,3,3,4,3,3,3,4,4,4,4,2.5,3.333333333,3,4,15,10,6,16
7,5,4,4,4,4,3,4,3,3,2,4,4,2,3,4,2,3.833333333,2.666666667,4,2.75,23,8,8,11
8,5,4,4,4,4,4,4,2,3,3,4,4,4,4,4,1,4,2.666666667,4,3.25,24,8,8,13
7,5,3,2,2,2,2,4,3,3,2,3,4,3,3,4,1,2.5,2.666666667,3.5,2.75,15,8,7,11
6,5,4,4,4,3,3,4,4,4,4,4,4,4,4,4,4,3.666666667,4,4,4,22,12,8,16
4,3,4,4,3,3,3,4,4,4,4,4,4,2,4,4,2,3.5,4,4,3,21,12,8,12
2,1,4,2,2,1,1,1,2,2,1,1,1,4,3,4,2,1.833333333,1.666666667,1,3.25,11,5,2,13
5,3,4,3,2,2,2,4,1,2,1,1,3,1,4,4,1,2.833333333,1.333333333,2,2.5,17,4,4,10
2,1,4,4,2,3,3,4,1,2,1,2,2,1,4,4,1,3.333333333,1.333333333,2,2.5,20,4,4,10
5,4,1,1,1,1,1,1,4,4,4,1,3,1,4,4,4,1,4,2,3.25,6,12,4,13
4,3,4,3,3,2,2,4,4,4,4,4,4,2,4,4,4,3,4,4,3.5,18,12,8,14
4,3,4,4,4,4,4,4,3,3,3,3,2,1,4,4,1,4,3,2.5,2.5,24,9,5,10
2,1,2,4,3,2,1,4,2,2,2,3,4,1,4,4,1,2.666666667,2,3.5,2.5,16,6,7,10
7,5,3,1,3,3,3,4,2,2,2,3,3,1,3,3,1,2.833333333,2,3,2,17,6,6,8
7,5,1,4,4,4,3,4,3,3,3,3,3,2,3,4,3,3.333333333,3,3,3,20,9,6,12
2,1,3,4,3,3,3,3,4,3,3,3,4,3,4,4,4,3.166666667,3.333333333,3.5,3.75,19,10,7,15
6,5,3,3,3,3,3,3,4,3,2,4,3,3,4,4,3,3,3,3.5,3.5,18,9,7,14
3,2,4,4,2,2,3,3,4,4,3,4,4,4,4,4,3,3,3.666666667,4,3.75,18,11,8,15
4,3,4,4,4,3,3,4,4,3,4,4,4,4,3,3,2,3.666666667,3.666666667,4,3,22,11,8,12
3,2,4,1,4,4,4,1,2,2,3,4,4,2,4,4,2,3,2.333333333,4,3,18,7,8,12
3,1,3,3,2,3,3,4,4,3,3,3,3,3,4,4,3,3,3.333333333,3,3.5,18,10,6,14
3,2,2,4,3,2,2,2,4,4,3,3,3,1,4,4,2,2.5,3.666666667,3,2.75,15,11,6,11
3,2,1,4,1,1,1,4,4,4,4,4,1,1,2,4,4,2,4,2.5,2.75,12,12,5,11
5,3,4,3,4,3,2,4,3,4,3,4,4,1,4,4,3,3.333333333,3.333333333,4,3,20,10,8,12
4,2,1,1,1,1,1,1,2,3,2,1,1,4,4,4,4,1,2.333333333,1,4,6,7,2,16
3,2,3,3,2,1,1,3,2,3,2,1,1,1,1,4,1,2.166666667,2.333333333,1,1.75,13,7,2,7
3,1,3,3,2,2,2,3,3,3,2,2,3,2,3,3,2,2.5,2.666666667,2.5,2.5,15,8,5,10
6,4,4,4,4,4,4,4,2,4,2,4,4,1,4,4,1,4,2.666666667,4,2.5,24,8,8,10
4,2,4,4,4,2,1,4,4,4,2,4,3,1,4,4,2,3.166666667,3.333333333,3.5,2.75,19,10,7,11
4,2,1,1,4,3,3,4,1,3,3,4,1,1,4,4,1,2.666666667,2.333333333,2.5,2.5,16,7,5,10
2,1,1,4,4,4,4,4,4,4,4,4,4,3,4,4,4,3.5,4,4,3.75,21,12,8,15
2,1,4,4,3,1,1,4,3,3,2,4,3,4,4,4,2,2.833333333,2.666666667,3.5,3.5,17,8,7,14
4,2,1,3,2,2,1,3,1,2,1,3,3,3,4,4,2,2,1.333333333,3,3.25,12,4,6,13
6,5,4,4,3,3,3,4,4,4,4,4,4,1,4,4,3,3.5,4,4,3,21,12,8,12
8,6,4,3,4,3,4,4,1,2,1,4,1,1,4,4,3,3.666666667,1.333333333,2.5,3,22,4,5,12
8,6,4,4,4,3,3,4,3,3,1,4,4,3,4,4,2,3.666666667,2.333333333,4,3.25,22,7,8,13
4,3,4,4,3,2,2,4,3,3,3,3,3,2,4,4,4,3.166666667,3,3,3.5,19,9,6,14
7,6,4,3,3,3,3,3,4,4,4,4,4,3,4,4,3,3.166666667,4,4,3.5,19,12,8,14
6,4,3,3,3,3,3,3,3,3,3,4,3,3,3,3,3,3,3,3.5,3,18,9,7,12
2,1,1,4,4,3,3,3,4,4,3,4,4,2,2,3,3,3,3.666666667,4,2.5,18,11,8,10
6,4,1,4,3,3,3,4,3,3,3,3,3,3,3,3,2,3,3,3,2.75,18,9,6,11
6,4,1,1,1,1,1,1,3,3,3,4,3,1,4,4,4,1,3,3.5,3.25,6,9,7,13
4,2,2,3,2,2,2,2,1,2,2,3,3,3,3,4,2,2.166666667,1.666666667,3,3,13,5,6,12
6,4,1,4,4,4,3,4,2,4,3,4,4,3,4,4,2,3.333333333,3,4,3.25,20,9,8,13
7,6,3,1,3,2,1,4,4,4,3,4,3,1,4,4,4,2.333333333,3.666666667,3.5,3.25,14,11,7,13
3,2,4,4,3,3,3,4,4,4,3,4,4,2,4,4,4,3.5,3.666666667,4,3.5,21,11,8,14
7,6,4,4,1,1,1,4,3,3,2,1,4,4,4,3,1,2.5,2.666666667,2.5,3,15,8,5,12
3,2,2,3,3,2,1,2,4,4,3,3,3,4,4,4,4,2.166666667,3.666666667,3,4,13,11,6,16
3,2,1,4,3,3,2,4,1,1,1,2,3,3,4,4,4,2.833333333,1,2.5,3.75,17,3,5,15
5,2,4,4,4,2,2,3,4,3,3,4,4,4,4,4,1,3.166666667,3.333333333,4,3.25,19,10,8,13
5,4,1,4,2,2,1,4,4,3,4,2,4,3,4,4,4,2.333333333,3.666666667,3,3.75,14,11,6,15
7,5,1,3,3,2,2,4,4,4,2,4,2,1,4,4,2,2.5,3.333333333,3,2.75,15,10,6,11
8,6,4,3,4,4,4,4,4,4,4,4,4,4,4,4,4,3.833333333,4,4,4,23,12,8,16
7,6,4,4,4,3,3,4,4,4,4,4,4,2,4,4,3,3.666666667,4,4,3.25,22,12,8,13
8,6,3,4,3,3,3,3,4,4,4,4,4,3,4,4,3,3.166666667,4,4,3.5,19,12,8,14
8,6,1,4,3,1,1,2,4,4,3,3,4,3,4,4,2,2,3.666666667,3.5,3.25,12,11,7,13
8,6,4,4,2,2,3,4,2,3,1,4,4,1,4,4,3,3.166666667,2,4,3,19,6,8,12
7,6,3,3,2,3,2,3,3,3,3,3,3,2,2,4,2,2.666666667,3,3,2.5,16,9,6,10
8,6,4,3,4,3,3,4,4,2,3,4,4,1,3,4,4,3.5,3,4,3,21,9,8,12
3,1,2,2,2,2,2,1,3,4,3,2,3,3,4,4,2,1.833333333,3.333333333,2.5,3.25,11,10,5,13
5,4,4,4,3,3,2,4,4,4,4,4,3,1,4,4,3,3.333333333,4,3.5,3,20,12,7,12
3,2,2,4,3,3,3,1,3,3,2,3,4,4,4,4,2,2.666666667,2.666666667,3.5,3.5,16,8,7,14
8,6,4,1,4,3,4,4,3,3,3,3,3,2,3,4,3,3.333333333,3,3,3,20,9,6,12
6,5,4,3,3,3,3,4,3,3,3,3,3,1,4,4,3,3.333333333,3,3,3,20,9,6,12
4,3,4,4,3,3,2,4,4,4,4,4,4,4,4,4,3,3.333333333,4,4,3.75,20,12,8,15
4,2,1,3,3,4,4,1,3,4,3,4,4,4,4,4,2,2.666666667,3.333333333,4,3.5,16,10,8,14
7,6,3,4,3,3,3,3,4,4,4,4,3,2,4,3,3,3.166666667,4,3.5,3,19,12,7,12
8,6,3,3,4,3,2,4,3,2,2,3,4,1,3,4,1,3.166666667,2.333333333,3.5,2.25,19,7,7,9
2,2,4,3,3,3,2,4,2,2,1,4,3,2,4,4,1,3.166666667,1.666666667,3.5,2.75,19,5,7,11
3,2,4,4,3,3,2,2,2,3,3,4,3,2,4,4,2,3,2.666666667,3.5,3,18,8,7,12
4,2,4,4,4,2,2,4,3,3,3,4,3,1,4,4,2,3.333333333,3,3.5,2.75,20,9,7,11
8,6,4,3,3,2,2,3,4,4,2,4,3,2,4,4,2,2.833333333,3.333333333,3.5,3,17,10,7,12
8,6,4,3,4,3,3,4,1,3,2,4,1,1,4,4,1,3.5,2,2.5,2.5,21,6,5,10
7,6,4,3,3,3,1,4,3,4,3,4,4,1,4,4,2,3,3.333333333,4,2.75,18,10,8,11
7,5,4,4,4,2,1,4,1,1,2,1,1,1,4,4,1,3.166666667,1.333333333,1,2.5,19,4,2,10
6,5,4,3,2,3,3,4,4,4,4,4,4,2,4,4,2,3.166666667,4,4,3,19,12,8,12
7,6,3,3,3,2,2,4,4,4,2,4,3,1,4,4,3,2.833333333,3.333333333,3.5,3,17,10,7,12
6,5,4,3,3,4,4,4,3,4,3,4,4,3,4,4,3,3.666666667,3.333333333,4,3.5,22,10,8,14
3,2,1,4,4,1,1,1,1,1,1,1,1,1,4,4,1,2,1,1,2.5,12,3,2,10
7,5,2,2,2,2,2,1,1,2,2,2,2,1,4,4,4,1.833333333,1.666666667,2,3.25,11,5,4,13
3,1,1,4,4,4,4,1,3,4,3,3,3,3,3,3,3,3,3.333333333,3,3,18,10,6,12
8,6,4,4,4,3,3,4,4,4,3,4,4,4,4,4,4,3.666666667,3.666666667,4,4,22,11,8,16
6,5,4,4,4,3,3,4,3,3,3,4,4,4,4,4,4,3.666666667,3,4,4,22,9,8,16
6,5,4,3,3,2,2,4,3,4,2,3,2,2,4,4,4,3,3,2.5,3.5,18,9,5,14
6,4,4,4,4,4,3,4,4,4,4,4,4,4,4,4,4,3.833333333,4,4,4,23,12,8,16
8,6,4,4,3,3,3,4,3,3,2,4,3,3,4,4,1,3.5,2.666666667,3.5,3,21,8,7,12
8,6,4,4,3,3,1,4,3,3,3,4,4,1,4,4,1,3.166666667,3,4,2.5,19,9,8,10
4,3,3,3,3,3,3,4,4,4,4,4,4,4,4,4,4,3.166666667,4,4,4,19,12,8,16
4,3,4,4,4,3,3,4,4,4,3,4,2,1,4,4,4,3.666666667,3.666666667,3,3.25,22,11,6,13
7,5,4,4,2,2,1,4,1,2,1,2,2,4,4,4,2,2.833333333,1.333333333,2,3.5,17,4,4,14
6,4,4,3,3,3,2,3,4,4,4,4,4,2,4,4,4,3,4,4,3.5,18,12,8,14
4,3,3,4,2,2,2,3,4,3,4,4,3,1,4,4,3,2.666666667,3.666666667,3.5,3,16,11,7,12
8,6,4,4,4,3,3,4,4,4,4,4,4,2,4,4,4,3.666666667,4,4,3.5,22,12,8,14
8,6,3,3,3,3,3,3,3,3,3,3,3,3,4,4,3,3,3,3,3.5,18,9,6,14
8,6,4,3,3,3,3,4,4,4,3,4,4,1,3,4,2,3.333333333,3.666666667,4,2.5,20,11,8,10
4,3,4,4,4,3,3,4,3,3,2,3,4,2,4,4,2,3.666666667,2.666666667,3.5,3,22,8,7,12
7,5,3,3,3,3,3,4,4,3,3,4,4,3,4,4,2,3.166666667,3.333333333,4,3.25,19,10,8,13
7,6,4,4,3,3,3,4,3,3,3,3,3,3,4,4,3,3.5,3,3,3.5,21,9,6,14
6,5,3,3,3,3,3,3,3,3,3,3,3,3,3,3,2,3,3,3,2.75,18,9,6,11
7,6,4,4,4,4,3,4,4,4,4,4,3,4,4,4,4,3.833333333,4,3.5,4,23,12,7,16
3,1,3,4,3,3,2,2,3,3,3,3,3,2,3,4,1,2.833333333,3,3,2.5,17,9,6,10
7,6,1,4,4,3,3,4,4,3,3,4,3,1,4,4,3,3.166666667,3.333333333,3.5,3,19,10,7,12
7,6,1,4,3,3,3,4,4,4,4,4,4,4,4,4,1,3,4,4,3.25,18,12,8,13
3,2,2,3,2,2,2,2,3,3,2,3,3,3,4,4,4,2.166666667,2.666666667,3,3.75,13,8,6,15
5,4,1,2,4,3,4,4,4,4,4,4,4,2,4,4,4,3,4,4,3.5,18,12,8,14
8,6,4,4,3,3,3,4,3,3,3,3,3,1,4,4,1,3.5,3,3,2.5,21,9,6,10
8,6,4,4,3,3,3,4,3,2,3,3,3,1,4,4,3,3.5,2.666666667,3,3,21,8,6,12
8,6,4,4,3,3,3,4,3,3,3,4,4,3,4,4,4,3.5,3,4,3.75,21,9,8,15
4,2,4,4,3,3,3,4,4,4,4,4,4,3,4,4,2,3.5,4,4,3.25,21,12,8,13
3,2,3,4,4,4,4,4,3,3,4,4,4,4,3,4,4,3.833333333,3.333333333,4,3.75,23,10,8,15
7,4,4,2,2,3,3,4,3,3,3,3,3,1,4,4,3,3,3,3,3,18,9,6,12
6,4,4,3,2,2,1,3,3,4,3,2,4,2,4,4,2,2.5,3.333333333,3,3,15,10,6,12
5,4,4,2,4,3,3,4,3,3,3,3,2,2,4,4,2,3.333333333,3,2.5,3,20,9,5,12
4,2,3,3,3,2,1,4,2,2,2,3,3,1,3,3,3,2.666666667,2,3,2.5,16,6,6,10
3,2,3,4,2,3,2,4,4,4,3,3,3,2,4,4,3,3,3.666666667,3,3.25,18,11,6,13
3,2,4,4,4,4,4,1,2,3,3,3,4,3,4,4,4,3.5,2.666666667,3.5,3.75,21,8,7,15
3,2,4,4,4,4,4,4,4,4,4,4,4,2,4,4,4,4,4,4,3.5,24,12,8,14
8,6,3,3,4,3,3,4,3,4,3,3,4,2,4,4,3,3.333333333,3.333333333,3.5,3.25,20,10,7,13
3,2,3,4,4,1,1,4,2,2,1,4,4,1,4,4,1,2.833333333,1.666666667,4,2.5,17,5,8,10
7,6,1,4,4,4,4,4,4,4,4,4,4,1,4,4,4,3.5,4,4,3.25,21,12,8,13
8,6,4,4,4,3,3,4,4,4,3,4,4,4,4,4,1,3.666666667,3.666666667,4,3.25,22,11,8,13
3,2,4,4,3,2,2,4,1,2,2,3,4,2,4,4,2,3.166666667,1.666666667,3.5,3,19,5,7,12
8,6,1,4,1,1,1,4,4,3,4,4,4,3,4,4,4,2,3.666666667,4,3.75,12,11,8,15
3,2,2,2,3,3,3,1,3,3,3,3,3,2,3,3,3,2.333333333,3,3,2.75,14,9,6,11
4,2,4,4,2,1,1,3,1,2,1,2,1,4,4,4,4,2.5,1.333333333,1.5,4,15,4,3,16
3,2,1,4,3,3,3,4,3,3,3,4,4,3,4,4,2,3,3,4,3.25,18,9,8,13
7,6,1,3,3,2,2,4,3,3,3,3,4,2,4,4,2,2.5,3,3.5,3,15,9,7,12
5,4,4,4,3,2,2,4,4,3,3,4,4,1,4,4,2,3.166666667,3.333333333,4,2.75,19,10,8,11
7,6,4,3,3,3,2,4,3,3,3,4,4,2,2,4,2,3.166666667,3,4,2.5,19,9,8,10
8,6,4,3,4,3,3,4,3,3,3,3,3,3,2,3,2,3.5,3,3,2.5,21,9,6,10
6,4,4,3,3,3,3,3,4,3,3,3,3,1,3,3,3,3.166666667,3.333333333,3,2.5,19,10,6,10
7,6,4,3,3,3,3,3,3,3,3,3,2,1,3,1,1,3.166666667,3,2.5,1.5,19,9,5,6
8,6,3,3,3,3,3,3,3,3,3,3,4,1,4,4,2,3,3,3.5,2.75,18,9,7,11
4,2,1,4,4,4,3,4,4,4,4,4,4,2,3,4,4,3.333333333,4,4,3.25,20,12,8,13
3,2,4,1,4,2,2,4,2,2,1,1,1,1,4,4,1,2.833333333,1.666666667,1,2.5,17,5,2,10
5,4,4,3,2,2,2,4,2,2,2,3,3,1,4,4,3,2.833333333,2,3,3,17,6,6,12
7,6,3,3,3,3,2,4,4,4,4,4,3,3,4,4,3,3,4,3.5,3.5,18,12,7,14
4,3,4,4,3,3,3,4,4,4,3,3,4,1,4,4,4,3.5,3.666666667,3.5,3.25,21,11,7,13
8,6,4,4,4,3,3,4,3,3,4,4,4,2,3,4,4,3.666666667,3.333333333,4,3.25,22,10,8,13
8,6,4,2,4,4,4,4,4,4,4,4,2,4,4,4,4,3.666666667,4,3,4,22,12,6,16
5,4,4,3,4,3,3,3,4,3,2,4,4,1,4,4,3,3.333333333,3,4,3,20,9,8,12
4,3,3,2,3,2,2,3,2,2,2,2,2,2,3,3,2,2.5,2,2,2.5,15,6,4,10
5,3,4,4,3,3,3,4,3,3,3,4,4,1,4,4,1,3.5,3,4,2.5,21,9,8,10
4,3,4,4,2,2,2,4,3,4,4,4,4,3,4,4,4,3,3.666666667,4,3.75,18,11,8,15
4,3,4,4,4,3,3,4,1,3,3,4,4,3,3,3,4,3.666666667,2.333333333,4,3.25,22,7,8,13
5,3,1,3,3,3,2,2,2,2,2,2,2,3,4,3,2,2.333333333,2,2,3,14,6,4,12
4,3,2,4,3,3,3,2,3,4,4,3,3,2,3,4,3,2.833333333,3.666666667,3,3,17,11,6,12
5,3,3,3,3,2,2,4,2,3,2,3,2,2,3,3,2,2.833333333,2.333333333,2.5,2.5,17,7,5,10
3,3,2,3,4,3,3,3,4,4,3,4,4,4,4,4,2,3,3.666666667,4,3.5,18,11,8,14
7,6,2,3,3,3,3,4,3,4,3,3,4,2,4,4,2,3,3.333333333,3.5,3,18,10,7,12
5,5,4,4,4,3,3,4,4,4,3,4,4,3,4,4,4,3.666666667,3.666666667,4,3.75,22,11,8,15
8,6,1,4,4,2,2,2,2,4,2,2,2,1,4,4,1,2.5,2.666666667,2,2.5,15,8,4,10
8,6,4,4,3,3,3,4,3,3,3,3,3,2,4,4,4,3.5,3,3,3.5,21,9,6,14
5,4,4,4,3,3,3,4,4,4,4,4,4,4,4,4,4,3.5,4,4,4,21,12,8,16
4,4,1,4,4,1,1,4,4,3,3,2,4,4,4,4,4,2.5,3.333333333,3,4,15,10,6,16
7,6,4,2,2,3,2,4,4,4,4,4,3,1,4,4,3,2.833333333,4,3.5,3,17,12,7,12
5,4,4,3,4,3,3,4,2,1,1,2,4,1,2,4,1,3.5,1.333333333,3,2,21,4,6,8
8,6,4,4,3,2,1,4,4,4,4,2,4,1,4,4,4,3,4,3,3.25,18,12,6,13
5,4,4,4,4,3,2,4,2,3,2,3,4,2,3,4,2,3.5,2.333333333,3.5,2.75,21,7,7,11
5,4,3,4,4,3,3,4,3,4,4,4,4,4,4,4,4,3.5,3.666666667,4,4,21,11,8,16
7,4,4,2,3,3,3,4,3,3,2,3,3,2,4,4,2,3.166666667,2.666666667,3,3,19,8,6,12
4,4,2,3,3,3,3,4,3,3,3,3,3,3,3,3,3,3,3,3,3,18,9,6,12
7,4,4,4,4,3,3,4,4,3,3,4,3,1,4,4,4,3.666666667,3.333333333,3.5,3.25,22,10,7,13
5,4,2,3,2,2,2,4,3,2,2,3,2,3,4,4,2,2.5,2.333333333,2.5,3.25,15,7,5,13
4,3,3,3,3,3,2,3,3,3,2,3,2,2,3,3,2,2.833333333,2.666666667,2.5,2.5,17,8,5,10
6,4,4,2,4,4,3,4,4,3,3,4,3,2,4,4,3,3.5,3.333333333,3.5,3.25,21,10,7,13
5,4,4,2,3,3,3,4,4,4,3,4,4,3,4,4,3,3.166666667,3.666666667,4,3.5,19,11,8,14
6,4,4,4,3,3,2,4,4,4,4,4,4,2,4,4,2,3.333333333,4,4,3,20,12,8,12
5,4,4,4,4,3,3,4,4,4,3,4,3,1,4,4,1,3.666666667,3.666666667,3.5,2.5,22,11,7,10
4,3,4,4,4,4,4,4,2,2,2,4,4,4,4,4,1,4,2,4,3.25,24,6,8,13
8,6,3,3,3,3,1,4,3,3,3,3,3,2,3,3,3,2.833333333,3,3,2.75,17,9,6,11
4,3,1,4,4,1,1,3,4,4,3,4,4,4,4,4,4,2.333333333,3.666666667,4,4,14,11,8,16
4,3,4,4,4,2,2,4,2,3,3,4,4,2,4,4,2,3.333333333,2.666666667,4,3,20,8,8,12
6,4,3,3,3,3,3,3,3,2,2,3,3,2,3,2,2,3,2.333333333,3,2.25,18,7,6,9
5,4,1,4,4,3,3,4,3,3,3,4,3,3,3,4,3,3.166666667,3,3.5,3.25,19,9,7,13
6,4,4,4,4,3,4,4,4,4,4,4,4,1,4,4,3,3.833333333,4,4,3,23,12,8,12
4,3,4,4,4,3,3,4,1,1,1,4,3,4,4,4,1,3.666666667,1,3.5,3.25,22,3,7,13
6,4,4,3,4,3,3,4,4,4,4,4,4,3,4,4,4,3.5,4,4,3.75,21,12,8,15
6,4,4,4,4,4,3,4,3,4,3,3,3,4,4,4,4,3.833333333,3.333333333,3,4,23,10,6,16
5,4,4,4,3,1,1,3,3,1,3,3,4,1,1,3,2,2.666666667,2.333333333,3.5,1.75,16,7,7,7
5,4,3,4,4,3,3,4,4,3,3,3,4,1,3,4,1,3.5,3.333333333,3.5,2.25,21,10,7,9
5,4,2,4,3,3,2,4,4,4,4,4,4,4,4,4,3,3,4,4,3.75,18,12,8,15
5,4,4,4,4,3,3,4,2,3,2,2,3,4,4,4,1,3.666666667,2.333333333,2.5,3.25,22,7,5,13
5,4,4,4,2,3,3,4,3,3,3,4,4,4,4,4,4,3.333333333,3,4,4,20,9,8,16
6,4,4,4,4,2,2,4,4,3,3,3,4,4,4,4,4,3.333333333,3.333333333,3.5,4,20,10,7,16
5,4,4,4,4,4,3,4,4,4,4,4,4,4,4,4,1,3.833333333,4,4,3.25,23,12,8,13
8,6,2,3,3,3,3,1,4,4,4,4,4,4,4,4,4,2.5,4,4,4,15,12,8,16
8,6,4,3,3,2,2,4,1,1,1,3,1,1,3,3,1,3,1,2,2,18,3,4,8
8,6,4,3,4,3,3,4,3,3,2,3,3,4,4,4,2,3.5,2.666666667,3,3.5,21,8,6,14
8,6,4,4,4,3,3,4,4,4,4,4,4,3,4,4,4,3.666666667,4,4,3.75,22,12,8,15
8,6,4,4,4,3,3,4,4,3,1,4,4,3,4,4,2,3.666666667,2.666666667,4,3.25,22,8,8,13
7,6,4,3,4,3,2,4,3,2,2,3,3,2,4,4,3,3.333333333,2.333333333,3,3.25,20,7,6,13
7,6,3,3,3,2,2,3,2,2,2,2,3,3,3,3,3,2.666666667,2,2.5,3,16,6,5,12
8,6,4,3,3,3,3,4,3,3,3,3,4,1,3,3,2,3.333333333,3,3.5,2.25,20,9,7,9
7,6,4,4,4,4,3,4,3,4,4,4,4,4,1,4,3,3.833333333,3.666666667,4,3,23,11,8,12
8,6,4,1,4,3,3,4,3,3,3,3,4,3,4,4,3,3.166666667,3,3.5,3.5,19,9,7,14
8,6,4,4,4,3,3,4,1,1,3,4,4,4,4,4,1,3.666666667,1.666666667,4,3.25,22,5,8,13
8,6,4,4,3,3,3,4,4,2,4,4,4,1,4,4,4,3.5,3.333333333,4,3.25,21,10,8,13
7,6,1,4,4,4,4,4,3,4,3,4,4,4,4,4,4,3.5,3.333333333,4,4,21,10,8,16
8,6,4,3,4,3,3,4,4,4,4,4,4,3,4,4,1,3.5,4,4,3,21,12,8,12
7,6,4,3,3,3,2,4,4,3,4,4,3,2,4,4,3,3.166666667,3.666666667,3.5,3.25,19,11,7,13
7,6,4,4,3,3,3,4,3,4,3,4,3,4,4,4,2,3.5,3.333333333,3.5,3.5,21,10,7,14
8,6,4,3,4,3,3,4,2,3,2,3,3,2,3,3,3,3.5,2.333333333,3,2.75,21,7,6,11
7,6,3,3,3,3,2,3,3,3,2,3,3,3,3,3,2,2.833333333,2.666666667,3,2.75,17,8,6,11
7,6,4,4,4,3,3,4,4,4,4,4,4,4,4,4,2,3.666666667,4,4,3.5,22,12,8,14
6,4,4,4,3,3,2,4,4,2,3,4,4,4,4,4,2,3.333333333,3,4,3.5,20,9,8,14
8,6,4,4,4,4,3,4,4,4,4,4,4,4,4,4,4,3.833333333,4,4,4,23,12,8,16
8,6,4,4,3,1,1,3,4,4,3,3,3,3,4,4,1,2.666666667,3.666666667,3,3,16,11,6,12
7,6,1,3,3,4,3,4,4,3,2,3,4,3,4,4,4,3,3,3.5,3.75,18,9,7,15
8,6,3,3,4,4,4,4,4,4,4,4,4,1,3,4,4,3.666666667,4,4,3,22,12,8,12
8,6,4,3,3,3,2,3,3,3,3,3,3,3,4,4,3,3,3,3,3.5,18,9,6,14
8,6,4,4,4,3,3,4,4,4,4,4,4,1,4,4,1,3.666666667,4,4,2.5,22,12,8,10
7,6,3,3,3,2,2,3,3,3,3,3,3,3,3,4,3,2.666666667,3,3,3.25,16,9,6,13
6,6,3,3,3,3,3,3,3,3,3,3,3,3,3,3,2,3,3,3,2.75,18,9,6,11
8,6,4,4,4,4,4,4,4,4,4,4,4,4,4,4,4,4,4,4,4,24,12,8,16
8,6,3,3,3,3,3,3,3,3,3,3,3,2,4,4,3,3,3,3,3.25,18,9,6,13
7,6,2,2,2,3,2,3,3,3,3,3,3,2,3,2,3,2.333333333,3,3,2.5,14,9,6,10
7,6,1,4,3,3,3,4,4,4,4,4,3,2,4,4,1,3,4,3.5,2.75,18,12,7,11
5,4,4,4,4,3,3,4,1,2,3,3,3,1,4,4,2,3.666666667,2,3,2.75,22,6,6,11
5,4,2,3,3,3,3,2,2,2,2,4,4,4,3,3,3,2.666666667,2,4,3.25,16,6,8,13
7,6,4,4,4,4,3,4,4,4,4,4,4,4,4,4,4,3.833333333,4,4,4,23,12,8,16
4,2,1,4,4,3,3,1,1,2,2,2,3,3,4,4,3,2.666666667,1.666666667,2.5,3.5,16,5,5,14
4,2,4,4,2,2,2,1,3,3,3,2,4,1,4,4,4,2.5,3,3,3.25,15,9,6,13
3,2,4,1,4,4,4,4,2,2,4,4,4,2,4,4,3,3.5,2.666666667,4,3.25,21,8,8,13
3,2,1,4,2,3,3,4,3,3,3,3,3,1,2,4,2,2.833333333,3,3,2.25,17,9,6,9
3,2,2,4,3,2,3,4,3,3,4,4,3,2,4,4,2,3,3.333333333,3.5,3,18,10,7,12
3,2,3,3,3,2,2,3,3,3,3,3,3,2,3,3,2,2.666666667,3,3,2.5,16,9,6,10
5,4,4,4,3,3,3,4,4,4,4,4,4,3,4,4,2,3.5,4,4,3.25,21,12,8,13
3,2,4,4,2,2,2,1,3,4,2,3,3,3,3,3,3,2.5,3,3,3,15,9,6,12
3,2,3,4,3,2,2,4,3,3,4,3,3,2,4,4,4,3,3.333333333,3,3.5,18,10,6,14
7,6,3,4,3,2,1,3,3,3,3,2,3,2,4,4,3,2.666666667,3,2.5,3.25,16,9,5,13
3,2,4,4,4,3,3,4,2,2,2,4,4,4,4,4,4,3.666666667,2,4,4,22,6,8,16
6,4,1,4,4,2,2,4,3,4,4,4,4,2,4,4,1,2.833333333,3.666666667,4,2.75,17,11,8,11
5,4,4,4,3,2,1,4,3,2,3,3,2,2,4,4,2,3,2.666666667,2.5,3,18,8,5,12
5,4,4,2,3,3,2,4,3,3,3,3,2,1,4,4,1,3,3,2.5,2.5,18,9,5,10
6,4,4,4,4,3,3,4,3,3,2,4,4,1,4,4,2,3.666666667,2.666666667,4,2.75,22,8,8,11
5,4,4,4,4,2,2,4,3,3,3,3,4,2,4,4,2,3.333333333,3,3.5,3,20,9,7,12
7,6,2,2,3,2,2,2,3,3,2,2,3,3,2,2,3,2.166666667,2.666666667,2.5,2.5,13,8,5,10
7,6,4,2,3,3,3,4,3,3,3,3,4,1,4,3,1,3.166666667,3,3.5,2.25,19,9,7,9
8,6,2,3,3,3,3,2,3,3,3,3,3,3,3,3,3,2.666666667,3,3,3,16,9,6,12
7,6,4,1,4,3,3,4,2,2,2,2,3,1,4,4,1,3.166666667,2,2.5,2.5,19,6,5,10
7,6,4,3,4,3,3,4,4,4,4,4,3,2,4,4,1,3.5,4,3.5,2.75,21,12,7,11
8,6,4,3,4,3,3,3,3,2,3,4,4,4,4,4,4,3.333333333,2.666666667,4,4,20,8,8,16
7,6,4,4,4,4,4,4,4,4,4,4,2,1,4,4,4,4,4,3,3.25,24,12,6,13
7,6,3,4,2,2,1,2,4,3,3,3,3,2,4,3,2,2.333333333,3.333333333,3,2.75,14,10,6,11
8,6,4,4,4,3,3,4,4,4,4,4,4,4,4,4,4,3.666666667,4,4,4,22,12,8,16
8,6,4,1,4,3,2,4,3,3,3,3,3,3,2,3,3,3,3,3,2.75,18,9,6,11
7,6,4,3,3,3,3,4,4,4,4,4,4,2,3,4,2,3.333333333,4,4,2.75,20,12,8,11
7,6,3,3,4,2,3,2,3,2,2,3,3,2,3,3,2,2.833333333,2.333333333,3,2.5,17,7,6,10
7,6,4,3,3,2,2,4,3,3,4,4,4,2,4,4,3,3,3.333333333,4,3.25,18,10,8,13
7,6,4,3,3,3,2,4,4,4,4,4,4,3,4,4,4,3.166666667,4,4,3.75,19,12,8,15
7,6,3,3,3,3,3,3,3,3,3,3,3,1,4,4,1,3,3,3,2.5,18,9,6,10
7,6,4,3,4,3,2,4,4,3,4,4,4,4,4,4,2,3.333333333,3.666666667,4,3.5,20,11,8,14
8,6,4,1,4,4,4,4,4,4,4,4,4,4,4,4,4,3.5,4,4,4,21,12,8,16
8,6,4,3,2,4,4,4,4,4,4,4,4,4,4,4,2,3.5,4,4,3.5,21,12,8,14
7,6,3,3,3,3,3,3,3,3,3,3,3,3,3,3,3,3,3,3,3,18,9,6,12
7,6,1,4,4,4,4,4,3,3,3,4,4,4,4,4,4,3.5,3,4,4,21,9,8,16
8,6,4,3,3,3,2,3,2,3,3,3,3,3,4,4,3,3,2.666666667,3,3.5,18,8,6,14
8,6,3,3,3,3,3,3,3,3,3,3,3,3,2,3,3,3,3,3,2.75,18,9,6,11
8,6,4,3,3,2,2,4,3,4,2,3,3,1,4,4,2,3,3,3,2.75,18,9,6,11
7,6,4,4,4,3,3,4,4,4,3,4,4,2,4,4,3,3.666666667,3.666666667,4,3.25,22,11,8,13
9,6,3,3,3,3,3,3,3,3,2,3,3,3,3,3,3,3,2.666666667,3,3,18,8,6,12
7,6,4,1,3,2,2,4,1,1,1,1,1,3,4,4,3,2.666666667,1,1,3.5,16,3,2,14
8,6,4,2,4,4,4,4,3,3,3,3,3,4,4,4,2,3.666666667,3,3,3.5,22,9,6,14
8,6,4,3,3,3,3,2,4,4,4,4,4,1,4,4,4,3,4,4,3.25,18,12,8,13
8,6,4,2,3,2,2,3,3,3,2,3,3,2,3,4,3,2.666666667,2.666666667,3,3,16,8,6,12
8,6,3,3,4,3,3,2,3,3,3,3,4,3,3,3,2,3,3,3.5,2.75,18,9,7,11
8,6,4,3,3,3,3,4,3,3,3,3,3,2,4,4,2,3.333333333,3,3,3,20,9,6,12
8,6,1,4,4,4,4,1,3,4,3,4,4,4,4,4,4,3,3.333333333,4,4,18,10,8,16
7,6,4,4,4,3,2,4,4,4,4,4,2,2,4,4,2,3.5,4,3,3,21,12,6,12
7,6,2,3,3,3,3,3,2,2,2,2,2,3,4,4,4,2.833333333,2,2,3.75,17,6,4,15
7,6,4,3,4,3,3,3,4,4,4,4,4,2,4,4,4,3.333333333,4,4,3.5,20,12,8,14
8,6,4,4,3,3,2,4,3,3,3,4,4,3,4,4,2,3.333333333,3,4,3.25,20,9,8,13
7,6,4,2,2,1,1,4,2,2,2,2,2,1,2,4,1,2.333333333,2,2,2,14,6,4,8
8,6,4,4,2,2,2,3,4,4,3,3,4,4,4,4,4,2.833333333,3.666666667,3.5,4,17,11,7,16
8,6,4,2,4,4,3,4,4,3,3,3,4,2,4,4,3,3.5,3.333333333,3.5,3.25,21,10,7,13
5,4,4,4,4,3,3,4,2,3,2,4,4,4,4,4,4,3.666666667,2.333333333,4,4,22,7,8,16
7,6,1,4,2,1,1,1,4,4,3,4,4,2,4,4,4,1.666666667,3.666666667,4,3.5,10,11,8,14
7,6,4,3,3,3,3,3,4,4,4,4,4,3,4,4,2,3.166666667,4,4,3.25,19,12,8,13
8,6,3,3,2,1,1,3,3,3,3,2,3,2,4,4,3,2.166666667,3,2.5,3.25,13,9,5,13
4,2,4,3,3,2,2,3,1,3,1,2,3,3,4,4,3,2.833333333,1.666666667,2.5,3.5,17,5,5,14
8,6,4,3,2,2,1,3,4,3,3,3,4,1,4,4,3,2.5,3.333333333,3.5,3,15,10,7,12
7,6,4,4,3,3,3,4,2,2,2,3,2,2,4,4,2,3.5,2,2.5,3,21,6,5,12
7,6,4,4,4,4,4,4,4,4,4,4,4,1,4,4,4,4,4,4,3.25,24,12,8,13
7,6,4,3,3,3,3,3,3,3,3,3,3,3,3,3,3,3.166666667,3,3,3,19,9,6,12
8,6,4,3,4,3,3,4,3,3,3,4,3,3,4,3,3,3.5,3,3.5,3.25,21,9,7,13
7,6,4,3,4,3,4,4,3,3,2,3,3,2,4,4,2,3.666666667,2.666666667,3,3,22,8,6,12
8,6,1,4,3,3,3,4,4,4,3,4,4,1,4,4,4,3,3.666666667,4,3.25,18,11,8,13
8,6,4,4,4,2,1,4,4,4,4,4,4,4,4,4,4,3.166666667,4,4,4,19,12,8,16
8,6,4,4,4,3,3,4,4,4,4,4,4,3,4,4,1,3.666666667,4,4,3,22,12,8,12
8,6,4,2,3,3,3,3,3,2,3,3,3,1,4,4,3,3,2.666666667,3,3,18,8,6,12
8,6,4,3,3,3,2,4,2,3,2,3,3,3,3,3,2,3.166666667,2.333333333,3,2.75,19,7,6,11
7,6,3,2,3,3,3,3,3,3,3,3,3,2,3,3,3,2.833333333,3,3,2.75,17,9,6,11
7,6,2,3,3,3,3,4,3,3,3,3,3,3,4,4,3,3,3,3,3.5,18,9,6,14
8,6,4,4,4,4,4,4,4,4,4,4,4,2,4,4,4,4,4,4,3.5,24,12,8,14
7,6,4,4,4,3,3,4,4,4,4,4,4,2,4,4,3,3.666666667,4,4,3.25,22,12,8,13
7,6,4,3,3,4,3,4,3,3,2,3,3,3,3,3,2,3.5,2.666666667,3,2.75,21,8,6,11
7,6,4,4,3,3,4,4,4,4,4,4,3,2,4,4,4,3.666666667,4,3.5,3.5,22,12,7,14
7,6,3,3,2,2,2,4,3,3,2,3,3,1,4,4,3,2.666666667,2.666666667,3,3,16,8,6,12
8,6,3,2,2,2,2,3,2,2,3,2,2,3,3,3,3,2.333333333,2.333333333,2,3,14,7,4,12
8,6,3,3,2,1,1,3,4,3,3,2,3,2,4,4,4,2.166666667,3.333333333,2.5,3.5,13,10,5,14
8,6,3,4,4,2,2,4,4,4,4,4,4,1,4,4,4,3.166666667,4,4,3.25,19,12,8,13
9,6,4,3,4,4,4,1,4,4,4,4,4,4,4,4,4,3.333333333,4,4,4,20,12,8,16
8,6,4,1,4,2,1,3,4,4,3,3,3,2,4,4,2,2.5,3.666666667,3,3,15,11,6,12
7,6,4,4,3,3,3,4,4,4,3,4,4,3,4,4,4,3.5,3.666666667,4,3.75,21,11,8,15
8,6,4,4,4,3,3,4,4,3,4,4,4,1,3,4,4,3.666666667,3.666666667,4,3,22,11,8,12
7,6,4,3,4,3,2,4,3,3,3,3,4,2,3,4,3,3.333333333,3,3.5,3,20,9,7,12
8,6,4,3,3,2,2,3,4,4,4,4,4,1,4,4,2,2.833333333,4,4,2.75,17,12,8,11
8,6,4,2,3,3,3,4,4,4,4,4,4,3,4,4,2,3.166666667,4,4,3.25,19,12,8,13
8,6,2,3,3,3,3,2,3,3,3,3,3,2,3,4,3,2.666666667,3,3,3,16,9,6,12
8,6,4,3,4,3,3,4,4,4,4,3,4,1,1,4,4,3.5,4,3.5,2.5,21,12,7,10
6,6,2,2,2,2,2,2,3,3,3,3,3,2,4,4,3,2,3,3,3.25,12,9,6,13
8,6,2,3,2,3,3,3,4,3,3,3,4,3,4,4,2,2.666666667,3.333333333,3.5,3.25,16,10,7,13
8,6,4,4,3,3,3,3,3,3,3,3,3,2,3,3,3,3.333333333,3,3,2.75,20,9,6,11
4,2,4,4,4,3,3,4,4,2,2,3,3,3,4,4,2,3.666666667,2.666666667,3,3.25,22,8,6,13
4,2,3,4,2,1,1,3,3,3,3,3,4,3,4,4,4,2.333333333,3,3.5,3.75,14,9,7,15
3,2,2,4,2,2,2,1,2,2,2,3,3,1,4,4,2,2.166666667,2,3,2.75,13,6,6,11
3,2,1,4,4,3,3,4,4,3,3,4,4,2,4,4,3,3.166666667,3.333333333,4,3.25,19,10,8,13
4,2,4,4,2,1,1,4,4,2,3,4,4,1,3,4,3,2.666666667,3,4,2.75,16,9,8,11
4,2,1,4,4,3,3,4,4,4,3,4,4,4,4,4,4,3.166666667,3.666666667,4,4,19,11,8,16
3,2,1,4,4,4,4,4,4,4,4,4,4,4,4,4,4,3.5,4,4,4,21,12,8,16
3,2,1,3,2,2,2,1,3,3,3,4,3,4,4,3,3,1.833333333,3,3.5,3.5,11,9,7,14
3,2,4,4,3,3,3,4,4,4,4,4,2,1,4,4,3,3.5,4,3,3,21,12,6,12
3,2,4,4,1,1,1,4,1,1,1,1,2,4,4,4,1,2.5,1,1.5,3.25,15,3,3,13
3,2,1,4,3,1,1,4,1,1,4,4,4,1,4,4,4,2.333333333,2,4,3.25,14,6,8,13
3,2,1,4,3,3,3,3,3,3,2,3,3,2,4,4,2,2.833333333,2.666666667,3,3,17,8,6,12
3,2,2,2,3,2,2,2,2,2,2,2,3,2,3,2,2,2.166666667,2,2.5,2.25,13,6,5,9
3,2,3,3,3,3,3,3,3,2,3,3,4,3,4,4,4,3,2.666666667,3.5,3.75,18,8,7,15
4,2,4,4,2,3,3,1,2,4,4,3,4,3,4,4,2,2.833333333,3.333333333,3.5,3.25,17,10,7,13
5,4,1,3,3,3,3,2,3,3,3,4,4,1,4,4,2,2.5,3,4,2.75,15,9,8,11
4,2,1,4,4,2,2,4,4,4,3,4,4,2,1,3,2,2.833333333,3.666666667,4,2,17,11,8,8
3,1,3,4,2,4,4,3,2,4,2,4,4,1,2,4,1,3.333333333,2.666666667,4,2,20,8,8,8